Workbook

Sheet Dashboard
A1: BAPS Swaminarayan Sanstha Australia
A2: Seva Centre Meetings — Dashboard
A3: 10-day window: Mon 7 Sep – Wed 16 Sep 2026 • Figures update automatically as the Tracker is filled in
A5: Total Meetings | B5: Completed | C5: Total Attendees | D5: Support Letters | E5: Completion %
A6: =COUNTA(Tracker!$D$6:$D$38) -> 33 | B6: =COUNTIF(Tracker!$K$6:$K$38,"Completed") -> 0 | C6: =SUM(Tracker!$L$6:$L$38) -> 0 | D6: =SUM(Tracker!$M$6:$M$38) -> 0 | E6: =IFERROR(COUNTIF(Tracker!$K$6:$K$38,"Completed")/COUNTA(Tracker!$D$6:$D$38),0) -> 0
A9: Meetings per State / Territory | H9: Meetings per Day
A10: State / Territory | B10: Meetings | C10: Completed | D10: Attendees | E10: Support Letters | F10: Completion % | H10: Date | I10: Day | J10: Meetings | K10: Completed | L10: Attendees | M10: Seva Centres
A11: Australian Capital Territory | B11: =COUNTIF(Tracker!$E$6:$E$38,$A$11) -> 1 | C11: =COUNTIFS(Tracker!$E$6:$E$38,$A$11,Tracker!$K$6:$K$38,"Completed") -> 0 | D11: =SUMIFS(Tracker!$L$6:$L$38,Tracker!$E$6:$E$38,$A$11) -> 0 | E11: =SUMIFS(Tracker!$M$6:$M$38,Tracker!$E$6:$E$38,$A$11) -> 0 | F11: =IFERROR(C11/B11,0) -> 0 | H11: 46272 | I11: Monday | J11: =COUNTIF(Tracker!$B$6:$B$38,$H$11) -> 4 | K11: =COUNTIFS(Tracker!$B$6:$B$38,$H$11,Tracker!$K$6:$K$38,"Completed") -> 0 | L11: =SUMIFS(Tracker!$L$6:$L$38,Tracker!$B$6:$B$38,$H$11) -> 0 | M11: Alice Springs, Canberra, Melbourne North, Townsville
A12: New South Wales | B12: =COUNTIF(Tracker!$E$6:$E$38,$A$12) -> 8 | C12: =COUNTIFS(Tracker!$E$6:$E$38,$A$12,Tracker!$K$6:$K$38,"Completed") -> 0 | D12: =SUMIFS(Tracker!$L$6:$L$38,Tracker!$E$6:$E$38,$A$12) -> 0 | E12: =SUMIFS(Tracker!$M$6:$M$38,Tracker!$E$6:$E$38,$A$12) -> 0 | F12: =IFERROR(C12/B12,0) -> 0 | H12: 46273 | I12: Tuesday | J12: =COUNTIF(Tracker!$B$6:$B$38,$H$12) -> 4 | K12: =COUNTIFS(Tracker!$B$6:$B$38,$H$12,Tracker!$K$6:$K$38,"Completed") -> 0 | L12: =SUMIFS(Tracker!$L$6:$L$38,Tracker!$B$6:$B$38,$H$12) -> 0 | M12: Adelaide, Albury, Darwin, Melbourne South
A13: Northern Territory | B13: =COUNTIF(Tracker!$E$6:$E$38,$A$13) -> 2 | C13: =COUNTIFS(Tracker!$E$6:$E$38,$A$13,Tracker!$K$6:$K$38,"Completed") -> 0 | D13: =SUMIFS(Tracker!$L$6:$L$38,Tracker!$E$6:$E$38,$A$13) -> 0 | E13: =SUMIFS(Tracker!$M$6:$M$38,Tracker!$E$6:$E$38,$A$13) -> 0 | F13: =IFERROR(C13/B13,0) -> 0 | H13: 46274 | I13: Wednesday | J13: =COUNTIF(Tracker!$B$6:$B$38,$H$13) -> 4 | K13: =COUNTIFS(Tracker!$B$6:$B$38,$H$13,Tracker!$K$6:$K$38,"Completed") -> 0 | L13: =SUMIFS(Tracker!$L$6:$L$38,Tracker!$B$6:$B$38,$H$13) -> 0 | M13: Bathurst, Berri, Brisbane, Melbourne West
A14: Queensland | B14: =COUNTIF(Tracker!$E$6:$E$38,$A$14) -> 8 | C14: =COUNTIFS(Tracker!$E$6:$E$38,$A$14,Tracker!$K$6:$K$38,"Completed") -> 0 | D14: =SUMIFS(Tracker!$L$6:$L$38,Tracker!$E$6:$E$38,$A$14) -> 0 | E14: =SUMIFS(Tracker!$M$6:$M$38,Tracker!$E$6:$E$38,$A$14) -> 0 | F14: =IFERROR(C14/B14,0) -> 0 | H14: 46275 | I14: Thursday | J14: =COUNTIF(Tracker!$B$6:$B$38,$H$14) -> 4 | K14: =COUNTIFS(Tracker!$B$6:$B$38,$H$14,Tracker!$K$6:$K$38,"Completed") -> 0 | L14: =SUMIFS(Tracker!$L$6:$L$38,Tracker!$B$6:$B$38,$H$14) -> 0 | M14: Brisbane North, Gosford, Mt Gambier, Shepparton
A15: South Australia | B15: =COUNTIF(Tracker!$E$6:$E$38,$A$15) -> 3 | C15: =COUNTIFS(Tracker!$E$6:$E$38,$A$15,Tracker!$K$6:$K$38,"Completed") -> 0 | D15: =SUMIFS(Tracker!$L$6:$L$38,Tracker!$E$6:$E$38,$A$15) -> 0 | E15: =SUMIFS(Tracker!$M$6:$M$38,Tracker!$E$6:$E$38,$A$15) -> 0 | F15: =IFERROR(C15/B15,0) -> 0 | H15: 46276 | I15: Friday | J15: =COUNTIF(Tracker!$B$6:$B$38,$H$15) -> 4 | K15: =COUNTIFS(Tracker!$B$6:$B$38,$H$15,Tracker!$K$6:$K$38,"Completed") -> 0 | L15: =SUMIFS(Tracker!$L$6:$L$38,Tracker!$B$6:$B$38,$H$15) -> 0 | M15: Cairns, Griffith, Hobart, Perth
A16: Tasmania | B16: =COUNTIF(Tracker!$E$6:$E$38,$A$16) -> 2 | C16: =COUNTIFS(Tracker!$E$6:$E$38,$A$16,Tracker!$K$6:$K$38,"Completed") -> 0 | D16: =SUMIFS(Tracker!$L$6:$L$38,Tracker!$E$6:$E$38,$A$16) -> 0 | E16: =SUMIFS(Tracker!$M$6:$M$38,Tracker!$E$6:$E$38,$A$16) -> 0 | F16: =IFERROR(C16/B16,0) -> 0 | H16: 46277 | I16: Saturday | J16: =COUNTIF(Tracker!$B$6:$B$38,$H$16) -> 2 | K16: =COUNTIFS(Tracker!$B$6:$B$38,$H$16,Tracker!$K$6:$K$38,"Completed") -> 0 | L16: =SUMIFS(Tracker!$L$6:$L$38,Tracker!$B$6:$B$38,$H$16) -> 0 | M16: Newcastle, Perth South
A17: Victoria | B17: =COUNTIF(Tracker!$E$6:$E$38,$A$17) -> 7 | C17: =COUNTIFS(Tracker!$E$6:$E$38,$A$17,Tracker!$K$6:$K$38,"Completed") -> 0 | D17: =SUMIFS(Tracker!$L$6:$L$38,Tracker!$E$6:$E$38,$A$17) -> 0 | E17: =SUMIFS(Tracker!$M$6:$M$38,Tracker!$E$6:$E$38,$A$17) -> 0 | F17: =IFERROR(C17/B17,0) -> 0 | H17: 46278 | I17: Sunday | J17: =COUNTIF(Tracker!$B$6:$B$38,$H$17) -> 2 | K17: =COUNTIFS(Tracker!$B$6:$B$38,$H$17,Tracker!$K$6:$K$38,"Completed") -> 0 | L17: =SUMIFS(Tracker!$L$6:$L$38,Tracker!$B$6:$B$38,$H$17) -> 0 | M17: Gatton, Launceston
A18: Western Australia | B18: =COUNTIF(Tracker!$E$6:$E$38,$A$18) -> 2 | C18: =COUNTIFS(Tracker!$E$6:$E$38,$A$18,Tracker!$K$6:$K$38,"Completed") -> 0 | D18: =SUMIFS(Tracker!$L$6:$L$38,Tracker!$E$6:$E$38,$A$18) -> 0 | E18: =SUMIFS(Tracker!$M$6:$M$38,Tracker!$E$6:$E$38,$A$18) -> 0 | F18: =IFERROR(C18/B18,0) -> 0 | H18: 46279 | I18: Monday | J18: =COUNTIF(Tracker!$B$6:$B$38,$H$18) -> 3 | K18: =COUNTIFS(Tracker!$B$6:$B$38,$H$18,Tracker!$K$6:$K$38,"Completed") -> 0 | L18: =SUMIFS(Tracker!$L$6:$L$38,Tracker!$B$6:$B$38,$H$18) -> 0 | M18: Ballarat, Gold Coast, Sydney
A19: TOTAL | B19: =SUM(B11:B18) -> 33 | C19: =SUM(C11:C18) -> 0 | D19: =SUM(D11:D18) -> 0 | E19: =SUM(E11:E18) -> 0 | F19: =IFERROR(C19/B19,0) -> 0 | H19: 46280 | I19: Tuesday | J19: =COUNTIF(Tracker!$B$6:$B$38,$H$19) -> 3 | K19: =COUNTIFS(Tracker!$B$6:$B$38,$H$19,Tracker!$K$6:$K$38,"Completed") -> 0 | L19: =SUMIFS(Tracker!$L$6:$L$38,Tracker!$B$6:$B$38,$H$19) -> 0 | M19: Geelong, Sunshine Coast, Wagga Wagga
H20: 46281 | I20: Wednesday | J20: =COUNTIF(Tracker!$B$6:$B$38,$H$20) -> 3 | K20: =COUNTIFS(Tracker!$B$6:$B$38,$H$20,Tracker!$K$6:$K$38,"Completed") -> 0 | L20: =SUMIFS(Tracker!$L$6:$L$38,Tracker!$B$6:$B$38,$H$20) -> 0 | M20: Melbourne East, Toowoomba, Wollongong
A21: Follow-up Progress by Person
A22: Follow-up Person | B22: Assigned | C22: Follow-up Completed | D22: Meetings Completed | E22: Support Letters
A23: =IF('Follow-up Team'!$B$3="","",'Follow-up Team'!$B$3) -> Name (used in dropdown) | B23: =IF('Follow-up Team'!$B$3="","",COUNTIF(Tracker!$N$6:$N$38,'Follow-up Team'!$B$3)) -> 0 | C23: =IF('Follow-up Team'!$B$3="","",COUNTIFS(Tracker!$N$6:$N$38,'Follow-up Team'!$B$3,Tracker!$O$6:$O$38,"Completed")) -> 0 | D23: =IF('Follow-up Team'!$B$3="","",COUNTIFS(Tracker!$N$6:$N$38,'Follow-up Team'!$B$3,Tracker!$K$6:$K$38,"Completed")) -> 0 | E23: =IF('Follow-up Team'!$B$3="","",SUMIFS(Tracker!$M$6:$M$38,Tracker!$N$6:$N$38,'Follow-up Team'!$B$3)) -> 0
A24: =IF('Follow-up Team'!$B$4="","",'Follow-up Team'!$B$4) -> e.g. Ramesh Patel | B24: =IF('Follow-up Team'!$B$4="","",COUNTIF(Tracker!$N$6:$N$38,'Follow-up Team'!$B$4)) -> 0 | C24: =IF('Follow-up Team'!$B$4="","",COUNTIFS(Tracker!$N$6:$N$38,'Follow-up Team'!$B$4,Tracker!$O$6:$O$38,"Completed")) -> 0 | D24: =IF('Follow-up Team'!$B$4="","",COUNTIFS(Tracker!$N$6:$N$38,'Follow-up Team'!$B$4,Tracker!$K$6:$K$38,"Completed")) -> 0 | E24: =IF('Follow-up Team'!$B$4="","",SUMIFS(Tracker!$M$6:$M$38,Tracker!$N$6:$N$38,'Follow-up Team'!$B$4)) -> 0
A25: =IF('Follow-up Team'!$B$5="","",'Follow-up Team'!$B$5) | B25: =IF('Follow-up Team'!$B$5="","",COUNTIF(Tracker!$N$6:$N$38,'Follow-up Team'!$B$5)) | C25: =IF('Follow-up Team'!$B$5="","",COUNTIFS(Tracker!$N$6:$N$38,'Follow-up Team'!$B$5,Tracker!$O$6:$O$38,"Completed")) | D25: =IF('Follow-up Team'!$B$5="","",COUNTIFS(Tracker!$N$6:$N$38,'Follow-up Team'!$B$5,Tracker!$K$6:$K$38,"Completed")) | E25: =IF('Follow-up Team'!$B$5="","",SUMIFS(Tracker!$M$6:$M$38,Tracker!$N$6:$N$38,'Follow-up Team'!$B$5))
A26: =IF('Follow-up Team'!$B$6="","",'Follow-up Team'!$B$6) | B26: =IF('Follow-up Team'!$B$6="","",COUNTIF(Tracker!$N$6:$N$38,'Follow-up Team'!$B$6)) | C26: =IF('Follow-up Team'!$B$6="","",COUNTIFS(Tracker!$N$6:$N$38,'Follow-up Team'!$B$6,Tracker!$O$6:$O$38,"Completed")) | D26: =IF('Follow-up Team'!$B$6="","",COUNTIFS(Tracker!$N$6:$N$38,'Follow-up Team'!$B$6,Tracker!$K$6:$K$38,"Completed")) | E26: =IF('Follow-up Team'!$B$6="","",SUMIFS(Tracker!$M$6:$M$38,Tracker!$N$6:$N$38,'Follow-up Team'!$B$6))
A27: =IF('Follow-up Team'!$B$7="","",'Follow-up Team'!$B$7) | B27: =IF('Follow-up Team'!$B$7="","",COUNTIF(Tracker!$N$6:$N$38,'Follow-up Team'!$B$7)) | C27: =IF('Follow-up Team'!$B$7="","",COUNTIFS(Tracker!$N$6:$N$38,'Follow-up Team'!$B$7,Tracker!$O$6:$O$38,"Completed")) | D27: =IF('Follow-up Team'!$B$7="","",COUNTIFS(Tracker!$N$6:$N$38,'Follow-up Team'!$B$7,Tracker!$K$6:$K$38,"Completed")) | E27: =IF('Follow-up Team'!$B$7="","",SUMIFS(Tracker!$M$6:$M$38,Tracker!$N$6:$N$38,'Follow-up Team'!$B$7))
A28: =IF('Follow-up Team'!$B$8="","",'Follow-up Team'!$B$8) | B28: =IF('Follow-up Team'!$B$8="","",COUNTIF(Tracker!$N$6:$N$38,'Follow-up Team'!$B$8)) | C28: =IF('Follow-up Team'!$B$8="","",COUNTIFS(Tracker!$N$6:$N$38,'Follow-up Team'!$B$8,Tracker!$O$6:$O$38,"Completed")) | D28: =IF('Follow-up Team'!$B$8="","",COUNTIFS(Tracker!$N$6:$N$38,'Follow-up Team'!$B$8,Tracker!$K$6:$K$38,"Completed")) | E28: =IF('Follow-up Team'!$B$8="","",SUMIFS(Tracker!$M$6:$M$38,Tracker!$N$6:$N$38,'Follow-up Team'!$B$8))
A29: =IF('Follow-up Team'!$B$9="","",'Follow-up Team'!$B$9) | B29: =IF('Follow-up Team'!$B$9="","",COUNTIF(Tracker!$N$6:$N$38,'Follow-up Team'!$B$9)) | C29: =IF('Follow-up Team'!$B$9="","",COUNTIFS(Tracker!$N$6:$N$38,'Follow-up Team'!$B$9,Tracker!$O$6:$O$38,"Completed")) | D29: =IF('Follow-up Team'!$B$9="","",COUNTIFS(Tracker!$N$6:$N$38,'Follow-up Team'!$B$9,Tracker!$K$6:$K$38,"Completed")) | E29: =IF('Follow-up Team'!$B$9="","",SUMIFS(Tracker!$M$6:$M$38,Tracker!$N$6:$N$38,'Follow-up Team'!$B$9))
A30: =IF('Follow-up Team'!$B$10="","",'Follow-up Team'!$B$10) | B30: =IF('Follow-up Team'!$B$10="","",COUNTIF(Tracker!$N$6:$N$38,'Follow-up Team'!$B$10)) | C30: =IF('Follow-up Team'!$B$10="","",COUNTIFS(Tracker!$N$6:$N$38,'Follow-up Team'!$B$10,Tracker!$O$6:$O$38,"Completed")) | D30: =IF('Follow-up Team'!$B$10="","",COUNTIFS(Tracker!$N$6:$N$38,'Follow-up Team'!$B$10,Tracker!$K$6:$K$38,"Completed")) | E30: =IF('Follow-up Team'!$B$10="","",SUMIFS(Tracker!$M$6:$M$38,Tracker!$N$6:$N$38,'Follow-up Team'!$B$10))
A31: =IF('Follow-up Team'!$B$11="","",'Follow-up Team'!$B$11) | B31: =IF('Follow-up Team'!$B$11="","",COUNTIF(Tracker!$N$6:$N$38,'Follow-up Team'!$B$11)) | C31: =IF('Follow-up Team'!$B$11="","",COUNTIFS(Tracker!$N$6:$N$38,'Follow-up Team'!$B$11,Tracker!$O$6:$O$38,"Completed")) | D31: =IF('Follow-up Team'!$B$11="","",COUNTIFS(Tracker!$N$6:$N$38,'Follow-up Team'!$B$11,Tracker!$K$6:$K$38,"Completed")) | E31: =IF('Follow-up Team'!$B$11="","",SUMIFS(Tracker!$M$6:$M$38,Tracker!$N$6:$N$38,'Follow-up Team'!$B$11))
A32: =IF('Follow-up Team'!$B$12="","",'Follow-up Team'!$B$12) | B32: =IF('Follow-up Team'!$B$12="","",COUNTIF(Tracker!$N$6:$N$38,'Follow-up Team'!$B$12)) | C32: =IF('Follow-up Team'!$B$12="","",COUNTIFS(Tracker!$N$6:$N$38,'Follow-up Team'!$B$12,Tracker!$O$6:$O$38,"Completed")) | D32: =IF('Follow-up Team'!$B$12="","",COUNTIFS(Tracker!$N$6:$N$38,'Follow-up Team'!$B$12,Tracker!$K$6:$K$38,"Completed")) | E32: =IF('Follow-up Team'!$B$12="","",SUMIFS(Tracker!$M$6:$M$38,Tracker!$N$6:$N$38,'Follow-up Team'!$B$12))
A33: =IF('Follow-up Team'!$B$13="","",'Follow-up Team'!$B$13) | B33: =IF('Follow-up Team'!$B$13="","",COUNTIF(Tracker!$N$6:$N$38,'Follow-up Team'!$B$13)) | C33: =IF('Follow-up Team'!$B$13="","",COUNTIFS(Tracker!$N$6:$N$38,'Follow-up Team'!$B$13,Tracker!$O$6:$O$38,"Completed")) | D33: =IF('Follow-up Team'!$B$13="","",COUNTIFS(Tracker!$N$6:$N$38,'Follow-up Team'!$B$13,Tracker!$K$6:$K$38,"Completed")) | E33: =IF('Follow-up Team'!$B$13="","",SUMIFS(Tracker!$M$6:$M$38,Tracker!$N$6:$N$38,'Follow-up Team'!$B$13))
A34: =IF('Follow-up Team'!$B$14="","",'Follow-up Team'!$B$14) | B34: =IF('Follow-up Team'!$B$14="","",COUNTIF(Tracker!$N$6:$N$38,'Follow-up Team'!$B$14)) | C34: =IF('Follow-up Team'!$B$14="","",COUNTIFS(Tracker!$N$6:$N$38,'Follow-up Team'!$B$14,Tracker!$O$6:$O$38,"Completed")) | D34: =IF('Follow-up Team'!$B$14="","",COUNTIFS(Tracker!$N$6:$N$38,'Follow-up Team'!$B$14,Tracker!$K$6:$K$38,"Completed")) | E34: =IF('Follow-up Team'!$B$14="","",SUMIFS(Tracker!$M$6:$M$38,Tracker!$N$6:$N$38,'Follow-up Team'!$B$14))

Sheet Tracker
A1: Seva Centre Meeting Tracker
A2: Fill in the YELLOW columns (K–Q) after each meeting. Grey columns are the fixed schedule — do not edit.
A3: Legend: Grey = locked reference • Yellow = editable entry • Each follow-up person edits only the rows assigned to them (column N).
A5: No. | B5: Meeting Date | C5: Day | D5: Seva Centre | E5: State / Territory | F5: Das (Coordinator) | G5: Coordinator Mobile | H5: PS Sanchalak | I5: PS Sanchalak Mobile | J5: Own Assembly Day | K5: Meeting Status | L5: Attendees (#) | M5: Support Letters (#) | N5: Follow-up Person | O5: Follow-up Status | P5: Last Updated | Q5: Notes / Comments
A6: 1 | B6: 46272 | C6: Monday | D6: Canberra | E6: Australian Capital Territory | F6: Vivek Brahmbhatt | G6: +61425793437 | H6: — | I6: — | J6: Sunday
A7: 2 | B7: 46272 | C7: Monday | D7: Alice Springs | E7: Northern Territory | F7: Jigar Patel | G7: +61466389384 | H7: — | I7: — | J7: Saturday
A8: 3 | B8: 46272 | C8: Monday | D8: Townsville | E8: Queensland | F8: Praduman Patel | G8: +61478407226 | H8: — | I8: — | J8: Sunday
A9: 4 | B9: 46272 | C9: Monday | D9: Melbourne North | E9: Victoria | F9: Kalpeshkumar Makwana | G9: +61433178840 | H9: Jigar Patel | I9: +61431435100 | J9: Sunday
A10: 5 | B10: 46273 | C10: Tuesday | D10: Albury | E10: New South Wales | F10: Yash Patel | G10: +61450807288 | H10: — | I10: — | J10: Sunday
A11: 6 | B11: 46273 | C11: Tuesday | D11: Darwin | E11: Northern Territory | F11: Ketan Patel | G11: +61416537449 | H11: — | I11: — | J11: Sunday
A12: 7 | B12: 46273 | C12: Tuesday | D12: Adelaide | E12: South Australia | F12: Rajesh Patel | G12: +61408255461 | H12: Darshan Chauhan Vaibhav Chauhan | I12: +61450091281 +61430009790 | J12: Sunday
A13: 8 | B13: 46273 | C13: Tuesday | D13: Melbourne South | E13: Victoria | F13: Manish Patel | G13: +61430340121 | H13: Ronak Patel | I13: +61430991028 | J13: Saturday
A14: 9 | B14: 46274 | C14: Wednesday | D14: Bathurst | E14: New South Wales | F14: Durgesh Nagar | G14: +61450264482 | H14: — | I14: — | J14: Sunday
A15: 10 | B15: 46274 | C15: Wednesday | D15: Brisbane | E15: Queensland | F15: Ghanshyambhai Patel | G15: +61406045676 | H15: Vijay Patel | I15: +61430119944 | J15: Sunday
A16: 11 | B16: 46274 | C16: Wednesday | D16: Berri | E16: South Australia | F16: Ronakkumar Patel | G16: +61411741523 | H16: — | I16: — | J16: Saturday
A17: 12 | B17: 46274 | C17: Wednesday | D17: Melbourne West | E17: Victoria | F17: Mitesh Patel | G17: +61408696977 | H17: Mayur Brahmbhatt | I17: +61430769950 | J17: Sunday
... A38: 33 | B38: 46281 | C38: Wednesday | D38: Melbourne East | E38: Victoria | F38: Jaimin Patel | G38: +61433750765 | H38: — | I38: — | J38: Saturday

Sheet Follow-up Team
A1: Follow-up Team — Allocation List
A2: Add each person who will follow up with Sanchalaks. Names entered in column B appear in the Tracker's 'Follow-up Person' dropdown.
A3: # | B3: Name (used in dropdown) | C3: Mobile | D3: Email
A4: 1 | B4: e.g. Ramesh Patel | C4: +61400000000 | D4: name@example.com
A5: 2
A6: 3
A7: 4
A8: 5
A9: 6
A10: 7
A11: 8
A12: 9
A13: 10
A14: 11
